2024-07-03T20:19:20.142289,G.Skill Trident Z5 NEO RGB schwarz DIMM Kit 32GB, DDR5-6000, CL30-38-38-96, on-die ECC,"125,94"
2024-07-03T20:19:20.906985,adidas UEFA EURO 2024 Trainings Fuï¿½ball,"21,00"
2024-07-03T20:19:21.705712,adidas UEFA EURO 2024 Deutschland Auswï¿½rtstrikot (Herren),"59,90"
2024-07-03T20:19:22.413355,Nike UEFA EURO 2024 Tï¿½rkei Stadium Heimtrikot (Herren),"69,27"
2024-07-03T20:19:23.097980,Nike UEFA EURO 2024 Portugal Stadium Heimtrikot (Herren),"64,99"
2024-07-03T20:19:23.825641,adidas UEFA EURO 2024 Spanien Heimtrikot kurzarm (Herren),"74,90"
2024-07-03T20:19:24.632376,Nike UEFA EURO 2024 England Stadium Heimtrikot (Herren),"59,98"
2024-07-07T20:18:46.668876,"G.Skill Trident Z5 NEO RGB schwarz DIMM Kit 32GB, DDR5-6000, CL30-38-38-96, on-die ECC","124,14"
2024-07-07T20:18:47.423564,adidas UEFA EURO 2024 Trainings Fußball,"22,00"
2024-07-07T20:18:48.205275,adidas UEFA EURO 2024 Deutschland Auswärtstrikot (Herren),"64,95"
2024-07-07T20:18:48.900908,Nike UEFA EURO 2024 Türkei Stadium Heimtrikot (Herren),"79,99"
2024-07-07T20:18:49.599543,Nike UEFA EURO 2024 Portugal Stadium Heimtrikot (Herren),"64,99"
2024-07-07T20:18:50.321741,adidas UEFA EURO 2024 Spanien Heimtrikot kurzarm (Herren),"74,95"
2024-07-07T20:18:51.343230,Nike UEFA EURO 2024 England Stadium Heimtrikot (Herren),"59,98"
2024-07-09T20:18:46.992539,"G.Skill Trident Z5 NEO RGB schwarz DIMM Kit 32GB, DDR5-6000, CL30-38-38-96, on-die ECC","120,54"
2024-07-09T20:18:47.735387,adidas UEFA EURO 2024 Trainings Fußball,"22,00"
2024-07-09T20:18:48.509822,adidas UEFA EURO 2024 Deutschland Auswärtstrikot (Herren),"64,95"
2024-07-09T20:18:49.193943,Nike UEFA EURO 2024 Türkei Stadium Heimtrikot (Herren),"79,99"
2024-07-09T20:18:49.855618,Nike UEFA EURO 2024 Portugal Stadium Heimtrikot (Herren),"64,90"
2024-07-09T20:18:50.528979,adidas UEFA EURO 2024 Spanien Heimtrikot kurzarm (Herren),"74,95"
2024-07-09T20:18:51.294526,Nike UEFA EURO 2024 England Stadium Heimtrikot (Herren),"64,90"
2024-07-13T20:18:46.107659,"G.Skill Trident Z5 NEO RGB schwarz DIMM Kit 32GB, DDR5-6000, CL30-38-38-96, on-die ECC","124,06"
2024-07-13T20:18:46.827770,adidas UEFA EURO 2024 Trainings Fußball,"19,99"
2024-07-13T20:18:47.629352,adidas UEFA EURO 2024 Deutschland Auswärtstrikot (Herren),"50,00"
2024-07-13T20:18:48.306762,Nike UEFA EURO 2024 Türkei Stadium Heimtrikot (Herren),"79,99"
2024-07-13T20:18:48.932717,Nike UEFA EURO 2024 Portugal Stadium Heimtrikot (Herren),"64,90"
2024-07-13T20:18:49.591728,adidas UEFA EURO 2024 Spanien Heimtrikot kurzarm (Herren),"74,99"
2024-07-13T20:18:50.396793,Nike UEFA EURO 2024 England Stadium Heimtrikot (Herren),"63,99"
2024-07-17T20:18:46.550632,"G.Skill Trident Z5 NEO RGB schwarz DIMM Kit 32GB, DDR5-6000, CL30-38-38-96, on-die ECC","123,98"
2024-07-17T20:18:47.317456,adidas UEFA EURO 2024 Trainings Fußball,"19,99"
2024-07-17T20:18:48.112795,adidas UEFA EURO 2024 Deutschland Auswärtstrikot (Herren),"49,99"
2024-07-17T20:18:48.811681,Nike UEFA EURO 2024 Türkei Stadium Heimtrikot (Herren),"66,63"
2024-07-17T20:18:49.449091,Nike UEFA EURO 2024 Portugal Stadium Heimtrikot (Herren),"64,90"
2024-07-17T20:18:50.120696,adidas UEFA EURO 2024 Spanien Heimtrikot kurzarm (Herren),"60,00"
2024-07-17T20:18:50.924953,Nike UEFA EURO 2024 England Stadium Heimtrikot (Herren),"64,90"
2024-07-18T20:18:46.585759,"G.Skill Trident Z5 NEO RGB schwarz DIMM Kit 32GB, DDR5-6000, CL30-38-38-96, on-die ECC","123,93"
2024-07-18T20:18:47.264372,adidas UEFA EURO 2024 Trainings Fußball,"19,99"
2024-07-18T20:18:47.977543,adidas UEFA EURO 2024 Deutschland Auswärtstrikot (Herren),"49,90"
2024-07-18T20:18:48.715502,Nike UEFA EURO 2024 Türkei Stadium Heimtrikot (Herren),"64,75"
2024-07-18T20:18:49.342685,Nike UEFA EURO 2024 Portugal Stadium Heimtrikot (Herren),"63,90"
2024-07-18T20:18:49.998157,adidas UEFA EURO 2024 Spanien Heimtrikot kurzarm (Herren),"60,00"
2024-07-18T20:18:50.769845,Nike UEFA EURO 2024 England Stadium Heimtrikot (Herren),"64,90"
2024-07-22T20:18:46.670057,"G.Skill Trident Z5 NEO RGB schwarz DIMM Kit 32GB, DDR5-6000, CL30-38-38-96, on-die ECC","106,90"
2024-07-22T20:18:47.405735,adidas UEFA EURO 2024 Trainings Fußball,"19,99"
2024-07-22T20:18:48.281148,adidas UEFA EURO 2024 Deutschland Auswärtstrikot (Herren),"49,99"
2024-07-22T20:18:49.026068,Nike UEFA EURO 2024 Türkei Stadium Heimtrikot (Herren),"61,29"
2024-07-22T20:18:49.710064,Nike UEFA EURO 2024 Portugal Stadium Heimtrikot (Herren),"64,99"
2024-07-22T20:18:50.388041,adidas UEFA EURO 2024 Spanien Heimtrikot kurzarm (Herren),"60,00"
2024-07-22T20:18:51.219154,Nike UEFA EURO 2024 England Stadium Heimtrikot (Herren),"63,90"
2024-07-24T20:18:46.208099,"G.Skill Trident Z5 NEO RGB schwarz DIMM Kit 32GB, DDR5-6000, CL30-38-38-96, on-die ECC","121,26"
2024-07-24T20:18:46.877707,adidas UEFA EURO 2024 Trainings Fußball,"22,55"
2024-07-24T20:18:47.634396,adidas UEFA EURO 2024 Deutschland Auswärtstrikot (Herren),"49,99"
2024-07-24T20:18:48.364058,Nike UEFA EURO 2024 Türkei Stadium Heimtrikot (Herren),"66,63"
2024-07-24T20:18:49.056690,Nike UEFA EURO 2024 Portugal Stadium Heimtrikot (Herren),"64,99"
2024-07-24T20:18:49.742312,adidas UEFA EURO 2024 Spanien Heimtrikot kurzarm (Herren),"60,00"
2024-07-24T20:18:50.553050,Nike UEFA EURO 2024 England Stadium Heimtrikot (Herren),"63,90"
